,fc_xrp,fc_libra
2023-01-05 01:00:00,0.3480263352394104,1.2061842679977417
