,fc_xrp,fc_libra
2023-01-05 01:00:00,0.3483538329601288,1.206188678741455
