,fc_xrp,fc_libra
2023-01-05 05:00:00,0.34579601883888245,1.2063066959381104
