,fc_xrp,fc_libra
2023-01-05 09:00:00,0.34658321738243103,1.204521894454956
