,fc_xrp,fc_libra
2023-01-05 17:00:00,0.3407159745693207,1.1942825317382812
