,fc_xrp,fc_libra
2023-01-05 21:00:00,0.34019654989242554,1.1811776161193848
