,fc_xrp,fc_libra
2023-01-06 05:00:00,0.3394503891468048,1.1904138326644897
